localId,Time,Sender,Content
1,2023-06-01 20:11:03,阿澈,下班了吗
2,2023-06-01 20:12:40,我,刚出地铁
3,2023-06-01 20:13:02,阿澈,我去接你 你在哪个口
4,2023-06-01 20:14:10,我,A口 你不用专门跑一趟
5,2023-06-01 20:14:33,阿澈,已经在路上了
6,2023-06-02 08:30:00,阿澈,早安
7,2023-06-02 09:12:00,我,早
8,2023-06-03 21:00:00,我,今天好累啊
9,2023-06-03 21:02:11,阿澈,怎么了 跟我说说
10,2023-06-03 21:05:00,我,项目又延期了
11,2023-06-03 21:06:20,阿澈,那不是你的问题吧
12,2023-06-03 21:08:00,我,但我要背锅
13,2023-06-03 21:09:30,阿澈,委屈你了 晚上一起吃点什么
14,2023-06-03 21:11:00,我,好啊
15,2023-06-05 23:40:00,阿澈,睡了吗
16,2023-06-05 23:45:00,我,还没
17,2023-06-05 23:46:00,阿澈,想你了
18,2023-06-06 12:00:00,我,[图片]
19,2023-06-06 12:01:00,阿澈,好可爱 是你拍的?
20,2023-06-06 12:05:00,我,嗯 楼下的猫
21,2023-06-08 19:00:00,阿澈,周末有空吗
22,2023-06-08 19:30:00,我,应该有
23,2023-06-08 19:31:00,阿澈,那我们去爬山
24,2023-06-08 19:35:00,我,好
25,2023-06-12 22:00:00,我,晚安
26,2023-06-12 22:01:00,阿澈,晚安宝贝
27,2023-07-01 10:00:00,阿澈,今天加班吗
28,2023-07-01 18:00:00,我,加到现在
29,2023-07-01 18:05:00,阿澈,辛苦了
30,2023-07-05 21:00:00,我,在吗
31,2023-07-05 23:50:00,阿澈,在 刚忙完
32,2023-07-06 09:00:00,我,你最近好忙
33,2023-07-06 20:00:00,阿澈,嗯 项目要上线
34,2023-07-10 12:00:00,我,吃饭了吗
35,2023-07-10 14:00:00,阿澈,吃了
36,2023-07-15 19:00:00,我,周末去看电影吗
37,2023-07-15 21:00:00,阿澈,看情况吧
38,2023-07-16 10:00:00,我,那算了
39,2023-07-16 22:00:00,阿澈,嗯